{
  "id": "",
  "name": "",
  "font_family": "iconfont",
  "css_prefix_text": "icon-",
  "description": "",
  "glyphs": [
    {
      "icon_id": "1296",
      "name": "向上",
      "font_class": "xiangshang",
      "unicode": "f016f",
      "unicode_decimal": 983407
    },
    {
      "icon_id": "1297",
      "name": "向下",
      "font_class": "xiangxia",
      "unicode": "f0170",
      "unicode_decimal": 983408
    },
    {
      "icon_id": "113537",
      "name": "叹号",
      "font_class": "warn",
      "unicode": "e625",
      "unicode_decimal": 58917
    },
    {
      "icon_id": "284412",
      "name": "设备_烧水壶                       ",
      "font_class": "hekriconshebeishaoshuihu",
      "unicode": "e652",
      "unicode_decimal": 58962
    },
    {
      "icon_id": "339514",
      "name": "QQ",
      "font_class": "icon",
      "unicode": "e601",
      "unicode_decimal": 58881
    },
    {
      "icon_id": "485763",
      "name": "收 藏",
      "font_class": "shoucang",
      "unicode": "e60f",
      "unicode_decimal": 58895
    },
    {
      "icon_id": "493220",
      "name": "时钟",
      "font_class": "shizhong",
      "unicode": "e787",
      "unicode_decimal": 59271
    },
    {
      "icon_id": "783680",
      "name": "代理资质 资质 企业资质",
      "font_class": "dailizizhizizhiqiyezizhi",
      "unicode": "e68c",
      "unicode_decimal": 59020
    },
    {
      "icon_id": "791856",
      "name": "购物车",
      "font_class": "ai-cart",
      "unicode": "e63a",
      "unicode_decimal": 58938
    },
    {
      "icon_id": "838048",
      "name": "7天无理由退货",
      "font_class": "7tianwuliyoutuihuo",
      "unicode": "e60e",
      "unicode_decimal": 58894
    },
    {
      "icon_id": "852297",
      "name": "服务",
      "font_class": "service",
      "unicode": "e60b",
      "unicode_decimal": 58891
    },
    {
      "icon_id": "1105010",
      "name": "手机",
      "font_class": "shouji",
      "unicode": "e615",
      "unicode_decimal": 58901
    },
    {
      "icon_id": "1166722",
      "name": "放大镜",
      "font_class": "fangdajing",
      "unicode": "e63d",
      "unicode_decimal": 58941
    },
    {
      "icon_id": "1232429",
      "name": "洗衣机",
      "font_class": "xiyiji",
      "unicode": "e723",
      "unicode_decimal": 59171
    },
    {
      "icon_id": "1287692",
      "name": "客服",
      "font_class": "kefu",
      "unicode": "e605",
      "unicode_decimal": 58885
    },
    {
      "icon_id": "1382584",
      "name": "微信 (1)",
      "font_class": "weixin",
      "unicode": "e659",
      "unicode_decimal": 58969
    },
    {
      "icon_id": "1487625",
      "name": "快捷支付",
      "font_class": "kuaijiezhifu",
      "unicode": "e639",
      "unicode_decimal": 58937
    },
    {
      "icon_id": "3090318",
      "name": "人物",
      "font_class": "character",
      "unicode": "e62e",
      "unicode_decimal": 58926
    },
    {
      "icon_id": "3845109",
      "name": "净水器",
      "font_class": "jingshuiqi",
      "unicode": "e6a3",
      "unicode_decimal": 59043
    },
    {
      "icon_id": "4465001",
      "name": "对比",
      "font_class": "duibi",
      "unicode": "e603",
      "unicode_decimal": 58883
    },
    {
      "icon_id": "5039903",
      "name": "配件",
      "font_class": "peijian",
      "unicode": "e619",
      "unicode_decimal": 58905
    },
    {
      "icon_id": "5042361",
      "name": "空调",
      "font_class": "kongtiao",
      "unicode": "e626",
      "unicode_decimal": 58918
    },
    {
      "icon_id": "5327492",
      "name": "飞机",
      "font_class": "feiji",
      "unicode": "e704",
      "unicode_decimal": 59140
    },
    {
      "icon_id": "6207783",
      "name": "向右",
      "font_class": "ziyuanldpi",
      "unicode": "e611",
      "unicode_decimal": 58897
    },
    {
      "icon_id": "6207785",
      "name": "向左",
      "font_class": "ziyuanldpi1",
      "unicode": "e612",
      "unicode_decimal": 58898
    },
    {
      "icon_id": "6364167",
      "name": "二维码",
      "font_class": "ico",
      "unicode": "e646",
      "unicode_decimal": 58950
    },
    {
      "icon_id": "6420495",
      "name": "冰箱",
      "font_class": "bingxiang-",
      "unicode": "e60c",
      "unicode_decimal": 58892
    },
    {
      "icon_id": "6536708",
      "name": "对号",
      "font_class": "duihao",
      "unicode": "e657",
      "unicode_decimal": 58967
    },
    {
      "icon_id": "7023761",
      "name": "微波炉",
      "font_class": "weibolu",
      "unicode": "e621",
      "unicode_decimal": 58913
    },
    {
      "icon_id": "9646441",
      "name": "保障2",
      "font_class": "baozhang",
      "unicode": "e878",
      "unicode_decimal": 59512
    },
    {
      "icon_id": "10995992",
      "name": "问号",
      "font_class": "wenhao",
      "unicode": "e614",
      "unicode_decimal": 58900
    },
    {
      "icon_id": "11427090",
      "name": "厨房吸油烟",
      "font_class": "chufangxiyouyan-",
      "unicode": "e604",
      "unicode_decimal": 58884
    }
  ]
}
